rank,symbol,name,price_usd,market_cap_usd,volume_24h,ingestion_timestamp
1,BTC,Bitcoin,87613.0,1749397108336,36015295080.0,2026-01-01 08:34:04
2,ETH,Ethereum,2977.62,359401553811,16382466316.0,2026-01-01 08:34:04
3,USDT,Tether,0.998556,186834718329,56096824328.0,2026-01-01 08:34:04
4,BNB,BNB,859.56,118398794720,1709501052.0,2026-01-01 08:34:04
5,XRP,XRP,1.84,111820624634,1967905774.0,2026-01-01 08:34:04
6,USDC,USDC,0.999784,75227630192,9459623690.0,2026-01-01 08:34:04
7,SOL,Solana,124.38,70048021429,3638059571.0,2026-01-01 08:34:04
8,TRX,TRON,0.284619,26949127361,409049430.0,2026-01-01 08:34:04
9,STETH,Lido Staked Ether,2975.95,26245504662,17372176.0,2026-01-01 08:34:04
10,DOGE,Dogecoin,0.118917,19990684789,1078876850.0,2026-01-01 08:34:04
11,FIGR_HELOC,Figure Heloc,1.028,14811347830,6589678.0,2026-01-01 08:34:04
12,ADA,Cardano,0.336874,12350249520,615066685.0,2026-01-01 08:34:04
13,WBT,WhiteBIT Coin,56.42,12076213708,53751628.0,2026-01-01 08:34:04
14,BCH,Bitcoin Cash,595.19,11888381534,237292517.0,2026-01-01 08:34:04
15,WSTETH,Wrapped stETH,3640.29,11629905828,19332569.0,2026-01-01 08:34:04
16,WBTC,Wrapped Bitcoin,87315.0,10911003419,101261240.0,2026-01-01 08:34:04
17,WBETH,Wrapped Beacon ETH,3235.53,10561704549,5201817.0,2026-01-01 08:34:04
18,WEETH,Wrapped eETH,3227.5,9179514317,4775874.0,2026-01-01 08:34:04
19,USDS,USDS,0.999611,9169908722,137387224.0,2026-01-01 08:34:04
20,BSC-USD,Binance Bridged USDT (BNB Smart Chain),0.998483,8970929255,852187017.0,2026-01-01 08:34:04
21,LEO,LEO Token,9.69,8927808812,1190251.0,2026-01-01 08:34:04
22,LINK,Chainlink,12.23,8656879330,316142607.0,2026-01-01 08:34:04
23,ZEC,Zcash,515.47,8504902532,702473333.0,2026-01-01 08:34:04
24,XMR,Monero,427.72,7886287254,59995546.0,2026-01-01 08:34:04
25,WETH,WETH,2975.58,7809380212,77927176.0,2026-01-01 08:34:04
26,CBBTC,Coinbase Wrapped BTC,87587.0,6617251439,181665338.0,2026-01-01 08:34:04
27,XLM,Stellar,0.202681,6562482355,144561171.0,2026-01-01 08:34:04
28,USDE,Ethena USDe,0.998182,6287635756,63438642.0,2026-01-01 08:34:04
29,HYPE,Hyperliquid,25.58,6098392057,173141241.0,2026-01-01 08:34:04
30,CC,Canton,0.161153,5957272165,42795063.0,2026-01-01 08:34:04
31,LTC,Litecoin,77.35,5930981669,315691349.0,2026-01-01 08:34:04
32,AVAX,Avalanche,12.26,5269819195,225310260.0,2026-01-01 08:34:04
33,SUI,Sui,1.4,5248490622,445199428.0,2026-01-01 08:34:04
34,HBAR,Hedera,0.107445,4596010987,132179149.0,2026-01-01 08:34:04
35,USDT0,USDT0,0.998308,4452662876,186446387.0,2026-01-01 08:34:04
36,DAI,Dai,0.998627,4223583578,50009377.0,2026-01-01 08:34:04
37,SHIB,Shiba Inu,6.99e-06,4116785982,104630751.0,2026-01-01 08:34:04
38,SUSDS,sUSDS,1.086,4050045499,7530421.0,2026-01-01 08:34:04
39,TON,Toncoin,1.66,4005999673,107086921.0,2026-01-01 08:34:04
40,WLFI,World Liberty Financial,0.144279,3927886714,57514408.0,2026-01-01 08:34:04
41,PYUSD,PayPal USD,0.999647,3607115521,195955506.0,2026-01-01 08:34:04
42,UNI,Uniswap,5.65,3558045874,255044589.0,2026-01-01 08:34:04
43,SUSDE,Ethena Staked USDe,1.21,3467600053,8824958.0,2026-01-01 08:34:04
44,CRO,Cronos,0.089355,3446965580,22698984.0,2026-01-01 08:34:04
45,USD1,USD1,0.999517,3312062944,1873364359.0,2026-01-01 08:34:04
46,MNT,Mantle,0.959369,3120771925,39434894.0,2026-01-01 08:34:04
47,DOT,Polkadot,1.78,2945010678,111880721.0,2026-01-01 08:34:04
48,RAIN,Rain,0.00804811,2732848168,65871211.0,2026-01-01 08:34:04
49,M,MemeCore,1.56,2675627785,12984404.0,2026-01-01 08:34:04
50,BGB,Bitget Token,3.49,2441912367,48655276.0,2026-01-01 08:34:04
51,OKB,OKB,109.81,2306119106,27617773.0,2026-01-01 08:34:04
52,XAUT,Tether Gold,4333.16,2253626466,292909823.0,2026-01-01 08:34:04
53,AAVE,Aave,146.17,2218952191,168816756.0,2026-01-01 08:34:04
54,USDF,Falcon USD,0.997013,2162894348,448634.0,2026-01-01 08:34:04
55,TAO,Bittensor,220.96,2120897571,52592991.0,2026-01-01 08:34:04
56,NEAR,NEAR Protocol,1.51,1940915042,118633396.0,2026-01-01 08:34:04
57,WETH,Binance-Peg WETH,2977.36,1800867963,37257372.0,2026-01-01 08:34:04
58,ETC,Ethereum Classic,11.56,1790646785,59285348.0,2026-01-01 08:34:04
59,JITOSOL,Jito Staked SOL,155.67,1775304438,16050354.0,2026-01-01 08:34:04
60,BUIDL,BlackRock USD Institutional Digital Liquidity Fund,1.0,1740375758,0.0,2026-01-01 08:34:04
61,PEPE,Pepe,4.1e-06,1724307873,177128500.0,2026-01-01 08:34:04
62,PI,Pi Network,0.203741,1706805247,6526579.0,2026-01-01 08:34:04
63,ASTER,Aster,0.691539,1642067372,92853489.0,2026-01-01 08:34:04
64,PAXG,PAX Gold,4335.29,1606246797,157846710.0,2026-01-01 08:34:04
65,ICP,Internet Computer,2.86,1561706005,141132789.0,2026-01-01 08:34:04
66,SOL,Wrapped SOL,124.36,1557745659,379969378.0,2026-01-01 08:34:04
67,HASH,Provenance Blockchain,0.0293457,1553467454,8763.77,2026-01-01 08:34:04
68,ENA,Ethena,0.201859,1551874953,90318896.0,2026-01-01 08:34:04
69,USYC,Circle USYC,1.11,1536766521,277932.0,2026-01-01 08:34:04
70,USDG,Global Dollar,0.999746,1528732056,17675769.0,2026-01-01 08:34:04
71,HTX,HTX DAO,1.64e-06,1525731292,8768004.0,2026-01-01 08:34:04
72,JLP,Jupiter Perpetuals Liquidity Provider Token,4.52,1483050469,13583061.0,2026-01-01 08:34:04
73,KCS,KuCoin,10.72,1416424918,1524835.0,2026-01-01 08:34:04
74,NIGHT,Midnight,0.08354,1381334660,53128729.0,2026-01-01 08:34:04
75,SKY,Sky,0.058301,1337939775,8024575.0,2026-01-01 08:34:04
76,SYRUPUSDC,syrupUSDC,1.14,1318397191,5432156.0,2026-01-01 08:34:04
77,BFUSD,BFUSD,0.998205,1317601853,12984432.0,2026-01-01 08:34:04
78,BNSOL,Binance Staked SOL,135.77,1294326044,5572806.0,2026-01-01 08:34:04
79,USDC,Binance Bridged USDC (BNB Smart Chain),0.999754,1288603435,128825852.0,2026-01-01 08:34:04
80,WLD,Worldcoin,0.482188,1285347400,65642820.0,2026-01-01 08:34:04
81,RLUSD,Ripple USD,0.999636,1277752103,55189710.0,2026-01-01 08:34:04
82,APT,Aptos,1.67,1251875745,175270643.0,2026-01-01 08:34:04
83,RETH,Rocket Pool ETH,3433.35,1232174135,2275328.0,2026-01-01 08:34:04
84,GT,Gate,10.35,1214914824,3467040.0,2026-01-01 08:34:04
85,WBNB,Wrapped BNB,859.64,1210760540,89861742.0,2026-01-01 08:34:04
86,PUMP,Pump.fun,0.00194723,1149460422,80087490.0,2026-01-01 08:34:04
87,KAS,Kaspa,0.0425607,1139623312,17835421.0,2026-01-01 08:34:04
88,ONDO,Ondo,0.359359,1134921587,49430142.0,2026-01-01 08:34:04
89,RSETH,Kelp DAO Restaked ETH,3158.39,1101651271,101226.0,2026-01-01 08:34:04
90,ARB,Arbitrum,0.186221,1064604009,59888269.0,2026-01-01 08:34:04
91,POL,POL (ex-MATIC),0.098614,1041777351,49121098.0,2026-01-01 08:34:04
92,JAAA,Janus Henderson Anemoy AAA CLO Fund,1.02,1021015553,0.0,2026-01-01 08:34:04
93,WSTETH,Bridged Wrapped Lido Staked Ether (Scroll),3631.78,1019920535,367.57,2026-01-01 08:34:04
94,QNT,Quant,69.25,1007209564,17314118.0,2026-01-01 08:34:04
95,ALGO,Algorand,0.111326,983613845,40329722.0,2026-01-01 08:34:04
96,FBTC,Function FBTC,87749.0,969500687,65940.0,2026-01-01 08:34:04
97,XDC,XDC Network,0.050756,968583052,29466375.0,2026-01-01 08:34:04
98,LBTC,Lombard Staked BTC,87663.0,952504748,3008308.0,2026-01-01 08:34:04
99,SOLVBTC,Solv Protocol BTC,87270.0,948241884,343195.0,2026-01-01 08:34:04
100,FIL,Filecoin,1.29,947946363,93784102.0,2026-01-01 08:34:04
