rank,symbol,name,category,price_usd,price_idr,market_cap_idr,ingestion_timestamp,load_timestamp
1,BTC,Bitcoin,High Value,87210.0,1395360000.0,27846971042144000,2025-12-16 20:00:51,2025-12-16 20:17:45
2,ETH,Ethereum,High Value,2951.9,47230400.0,5699002877936000,2025-12-16 20:00:51,2025-12-16 20:17:45
3,USDT,Tether,Affordable,1.0,16000.0,2981023450176000,2025-12-16 20:00:51,2025-12-16 20:17:45
4,BNB,BNB,High Value,868.02,13888320.0,1913356955888000,2025-12-16 20:00:51,2025-12-16 20:17:45
5,XRP,XRP,Affordable,1.94,31040.0,1870714828944000,2025-12-16 20:00:51,2025-12-16 20:17:45
6,USDC,USDC,Affordable,1.0,16000.0,1253607800736000,2025-12-16 20:00:51,2025-12-16 20:17:45
7,SOL,Solana,High Value,128.62,2057920.0,1156601614960000,2025-12-16 20:00:51,2025-12-16 20:17:45
8,TRX,TRON,Affordable,0.280075,4481.200000000001,424220686608000,2025-12-16 20:00:51,2025-12-16 20:17:45
9,STETH,Lido Staked Ether,High Value,2950.92,47214720.0,414268616272000,2025-12-16 20:00:51,2025-12-16 20:17:45
10,DOGE,Dogecoin,Affordable,0.131398,2102.368,319755029072000,2025-12-16 20:00:51,2025-12-16 20:17:45
11,FIGR_HELOC,Figure Heloc,Affordable,1.031,16496.0,234144174512000,2025-12-16 20:00:51,2025-12-16 20:17:45
12,ADA,Cardano,Affordable,0.387192,6195.072,227194334240000,2025-12-16 20:00:51,2025-12-16 20:17:45
13,WBT,WhiteBIT Coin,Affordable,58.03,928480.0,198971441072000,2025-12-16 20:00:51,2025-12-16 20:17:45
14,WSTETH,Wrapped stETH,High Value,3609.09,57745440.0,182529318080000,2025-12-16 20:00:51,2025-12-16 20:17:45
15,BCH,Bitcoin Cash,High Value,545.83,8733280.0,174333917472000,2025-12-16 20:00:51,2025-12-16 20:17:45
16,WBTC,Wrapped Bitcoin,High Value,87213.0,1395408000.0,174248135120000,2025-12-16 20:00:51,2025-12-16 20:17:45
17,WBETH,Wrapped Beacon ETH,High Value,3205.16,51282560.0,167437872560000,2025-12-16 20:00:51,2025-12-16 20:17:45
18,USDS,USDS,Affordable,1.0,16000.0,158444082080000,2025-12-16 20:00:51,2025-12-16 20:17:45
19,LINK,Chainlink,Affordable,12.92,206720.0,144232943648000,2025-12-16 20:00:51,2025-12-16 20:17:45
20,BSC-USD,Binance Bridged USDT (BNB Smart Chain),Affordable,0.999738,15995.808,143800460736000,2025-12-16 20:00:51,2025-12-16 20:17:45
21,WEETH,Wrapped eETH,High Value,3200.23,51203680.0,139643607376000,2025-12-16 20:00:51,2025-12-16 20:17:45
22,LEO,LEO Token,Affordable,9.26,148160.0,136636209632000,2025-12-16 20:00:51,2025-12-16 20:17:45
23,XMR,Monero,High Value,415.72,6651520.0,122724719920000,2025-12-16 20:00:51,2025-12-16 20:17:45
24,WETH,WETH,High Value,2953.97,47263520.0,122523467968000,2025-12-16 20:00:51,2025-12-16 20:17:45
25,HYPE,Hyperliquid,Affordable,27.28,436480.0,118002618960000,2025-12-16 20:00:51,2025-12-16 20:17:45
26,XLM,Stellar,Affordable,0.222893,3566.288,115133021520000,2025-12-16 20:00:51,2025-12-16 20:17:45
27,USDE,Ethena USDe,Affordable,0.998927,15982.832,103385406144000,2025-12-16 20:00:51,2025-12-16 20:17:45
28,ZEC,Zcash,High Value,392.27,6276320.0,103372629824000,2025-12-16 20:00:51,2025-12-16 20:17:45
29,CBBTC,Coinbase Wrapped BTC,High Value,87223.0,1395568000.0,102067422256000,2025-12-16 20:00:51,2025-12-16 20:17:45
30,LTC,Litecoin,High Value,78.84,1261440.0,96646624768000,2025-12-16 20:00:51,2025-12-16 20:17:45
31,SUI,Sui,Affordable,1.5,24000.0,89908159392000,2025-12-16 20:00:51,2025-12-16 20:17:45
32,AVAX,Avalanche,Affordable,12.26,196160.0,84402641472000,2025-12-16 20:00:51,2025-12-16 20:17:45
33,HBAR,Hedera,Affordable,0.115838,1853.408,78729191072000,2025-12-16 20:00:51,2025-12-16 20:17:45
34,USDT0,USDT0,Affordable,0.999936,15998.976,77566254432000,2025-12-16 20:00:51,2025-12-16 20:17:45
35,SUSDS,sUSDS,Affordable,1.079,17264.0,75122815568000,2025-12-16 20:00:51,2025-12-16 20:17:45
36,SHIB,Shiba Inu,Affordable,7.94e-06,0.12704,74960753808000,2025-12-16 20:00:51,2025-12-16 20:17:45
37,DAI,Dai,Affordable,1.0,16000.0,69711339024000,2025-12-16 20:00:51,2025-12-16 20:17:45
38,MNT,Mantle,Affordable,1.24,19840.0,64577951168000,2025-12-16 20:00:51,2025-12-16 20:17:45
39,PYUSD,PayPal USD,Affordable,0.999737,15995.792,61963176016000,2025-12-16 20:00:51,2025-12-16 20:17:45
40,TON,Toncoin,Affordable,1.53,24480.0,59984247504000,2025-12-16 20:00:51,2025-12-16 20:17:45
41,WLFI,World Liberty Financial,Affordable,0.13312,2129.92,58067733024000,2025-12-16 20:00:51,2025-12-16 20:17:45
42,CRO,Cronos,Affordable,0.095555,1528.88,57165433104000,2025-12-16 20:00:51,2025-12-16 20:17:45
43,SUSDE,Ethena Staked USDe,Affordable,1.21,19360.0,55211359952000,2025-12-16 20:00:51,2025-12-16 20:17:45
44,UNI,Uniswap,Affordable,5.14,82240.0,51819709120000,2025-12-16 20:00:51,2025-12-16 20:17:45
45,DOT,Polkadot,Affordable,1.92,30720.0,50581911888000,2025-12-16 20:00:51,2025-12-16 20:17:45
46,M,MemeCore,Affordable,1.67,26720.0,45883703408000,2025-12-16 20:00:51,2025-12-16 20:17:45
47,AAVE,Aave,High Value,187.74,3003840.0,45656723680000,2025-12-16 20:00:51,2025-12-16 20:17:45
48,USD1,USD1,Affordable,0.999476,15991.616,43839159936000,2025-12-16 20:00:51,2025-12-16 20:17:45
49,CC,Canton,Affordable,0.073549,1176.784,42635052240000,2025-12-16 20:00:51,2025-12-16 20:17:45
50,RAIN,Rain,Affordable,0.00781435,125.0296,42442496400000,2025-12-16 20:00:51,2025-12-16 20:17:45
1,BTC,Bitcoin,High Value,87210.0,1395360000.0,27846971042144000,2025-12-16 20:00:51,2025-12-16 20:18:26
2,ETH,Ethereum,High Value,2951.9,47230400.0,5699002877936000,2025-12-16 20:00:51,2025-12-16 20:18:26
3,USDT,Tether,Affordable,1.0,16000.0,2981023450176000,2025-12-16 20:00:51,2025-12-16 20:18:26
4,BNB,BNB,High Value,868.02,13888320.0,1913356955888000,2025-12-16 20:00:51,2025-12-16 20:18:26
5,XRP,XRP,Affordable,1.94,31040.0,1870714828944000,2025-12-16 20:00:51,2025-12-16 20:18:26
6,USDC,USDC,Affordable,1.0,16000.0,1253607800736000,2025-12-16 20:00:51,2025-12-16 20:18:26
7,SOL,Solana,High Value,128.62,2057920.0,1156601614960000,2025-12-16 20:00:51,2025-12-16 20:18:26
8,TRX,TRON,Affordable,0.280075,4481.200000000001,424220686608000,2025-12-16 20:00:51,2025-12-16 20:18:26
9,STETH,Lido Staked Ether,High Value,2950.92,47214720.0,414268616272000,2025-12-16 20:00:51,2025-12-16 20:18:26
10,DOGE,Dogecoin,Affordable,0.131398,2102.368,319755029072000,2025-12-16 20:00:51,2025-12-16 20:18:26
11,FIGR_HELOC,Figure Heloc,Affordable,1.031,16496.0,234144174512000,2025-12-16 20:00:51,2025-12-16 20:18:26
12,ADA,Cardano,Affordable,0.387192,6195.072,227194334240000,2025-12-16 20:00:51,2025-12-16 20:18:26
13,WBT,WhiteBIT Coin,Affordable,58.03,928480.0,198971441072000,2025-12-16 20:00:51,2025-12-16 20:18:26
14,WSTETH,Wrapped stETH,High Value,3609.09,57745440.0,182529318080000,2025-12-16 20:00:51,2025-12-16 20:18:26
15,BCH,Bitcoin Cash,High Value,545.83,8733280.0,174333917472000,2025-12-16 20:00:51,2025-12-16 20:18:26
16,WBTC,Wrapped Bitcoin,High Value,87213.0,1395408000.0,174248135120000,2025-12-16 20:00:51,2025-12-16 20:18:26
17,WBETH,Wrapped Beacon ETH,High Value,3205.16,51282560.0,167437872560000,2025-12-16 20:00:51,2025-12-16 20:18:26
18,USDS,USDS,Affordable,1.0,16000.0,158444082080000,2025-12-16 20:00:51,2025-12-16 20:18:26
19,LINK,Chainlink,Affordable,12.92,206720.0,144232943648000,2025-12-16 20:00:51,2025-12-16 20:18:26
20,BSC-USD,Binance Bridged USDT (BNB Smart Chain),Affordable,0.999738,15995.808,143800460736000,2025-12-16 20:00:51,2025-12-16 20:18:26
21,WEETH,Wrapped eETH,High Value,3200.23,51203680.0,139643607376000,2025-12-16 20:00:51,2025-12-16 20:18:26
22,LEO,LEO Token,Affordable,9.26,148160.0,136636209632000,2025-12-16 20:00:51,2025-12-16 20:18:26
23,XMR,Monero,High Value,415.72,6651520.0,122724719920000,2025-12-16 20:00:51,2025-12-16 20:18:26
24,WETH,WETH,High Value,2953.97,47263520.0,122523467968000,2025-12-16 20:00:51,2025-12-16 20:18:26
25,HYPE,Hyperliquid,Affordable,27.28,436480.0,118002618960000,2025-12-16 20:00:51,2025-12-16 20:18:26
26,XLM,Stellar,Affordable,0.222893,3566.288,115133021520000,2025-12-16 20:00:51,2025-12-16 20:18:26
27,USDE,Ethena USDe,Affordable,0.998927,15982.832,103385406144000,2025-12-16 20:00:51,2025-12-16 20:18:26
28,ZEC,Zcash,High Value,392.27,6276320.0,103372629824000,2025-12-16 20:00:51,2025-12-16 20:18:26
29,CBBTC,Coinbase Wrapped BTC,High Value,87223.0,1395568000.0,102067422256000,2025-12-16 20:00:51,2025-12-16 20:18:26
30,LTC,Litecoin,High Value,78.84,1261440.0,96646624768000,2025-12-16 20:00:51,2025-12-16 20:18:26
31,SUI,Sui,Affordable,1.5,24000.0,89908159392000,2025-12-16 20:00:51,2025-12-16 20:18:26
32,AVAX,Avalanche,Affordable,12.26,196160.0,84402641472000,2025-12-16 20:00:51,2025-12-16 20:18:26
33,HBAR,Hedera,Affordable,0.115838,1853.408,78729191072000,2025-12-16 20:00:51,2025-12-16 20:18:26
34,USDT0,USDT0,Affordable,0.999936,15998.976,77566254432000,2025-12-16 20:00:51,2025-12-16 20:18:26
35,SUSDS,sUSDS,Affordable,1.079,17264.0,75122815568000,2025-12-16 20:00:51,2025-12-16 20:18:26
36,SHIB,Shiba Inu,Affordable,7.94e-06,0.12704,74960753808000,2025-12-16 20:00:51,2025-12-16 20:18:26
37,DAI,Dai,Affordable,1.0,16000.0,69711339024000,2025-12-16 20:00:51,2025-12-16 20:18:26
38,MNT,Mantle,Affordable,1.24,19840.0,64577951168000,2025-12-16 20:00:51,2025-12-16 20:18:26
39,PYUSD,PayPal USD,Affordable,0.999737,15995.792,61963176016000,2025-12-16 20:00:51,2025-12-16 20:18:26
40,TON,Toncoin,Affordable,1.53,24480.0,59984247504000,2025-12-16 20:00:51,2025-12-16 20:18:26
41,WLFI,World Liberty Financial,Affordable,0.13312,2129.92,58067733024000,2025-12-16 20:00:51,2025-12-16 20:18:26
42,CRO,Cronos,Affordable,0.095555,1528.88,57165433104000,2025-12-16 20:00:51,2025-12-16 20:18:26
43,SUSDE,Ethena Staked USDe,Affordable,1.21,19360.0,55211359952000,2025-12-16 20:00:51,2025-12-16 20:18:26
44,UNI,Uniswap,Affordable,5.14,82240.0,51819709120000,2025-12-16 20:00:51,2025-12-16 20:18:26
45,DOT,Polkadot,Affordable,1.92,30720.0,50581911888000,2025-12-16 20:00:51,2025-12-16 20:18:26
46,M,MemeCore,Affordable,1.67,26720.0,45883703408000,2025-12-16 20:00:51,2025-12-16 20:18:26
47,AAVE,Aave,High Value,187.74,3003840.0,45656723680000,2025-12-16 20:00:51,2025-12-16 20:18:26
48,USD1,USD1,Affordable,0.999476,15991.616,43839159936000,2025-12-16 20:00:51,2025-12-16 20:18:26
49,CC,Canton,Affordable,0.073549,1176.784,42635052240000,2025-12-16 20:00:51,2025-12-16 20:18:26
50,RAIN,Rain,Affordable,0.00781435,125.0296,42442496400000,2025-12-16 20:00:51,2025-12-16 20:18:26
1,BTC,Bitcoin,High Value,87597.0,1401552000.0,27988326587760000,2026-01-01 08:27:54,2026-01-01 08:28:08
2,ETH,Ethereum,High Value,2976.93,47630880.0,5749993535712000,2026-01-01 08:27:54,2026-01-01 08:28:08
3,USDT,Tether,Affordable,0.99853,15976.48,2989240628592000,2026-01-01 08:27:54,2026-01-01 08:28:08
4,BNB,BNB,High Value,858.6,13737600.0,1892400914640000,2026-01-01 08:27:54,2026-01-01 08:28:08
5,XRP,XRP,Affordable,1.84,29440.0,1788656844144000,2026-01-01 08:27:54,2026-01-01 08:28:08
6,USDC,USDC,Affordable,0.999761,15996.176,1203630320800000,2026-01-01 08:27:54,2026-01-01 08:28:08
7,SOL,Solana,High Value,124.33,1989280.0,1120099674096000,2026-01-01 08:27:54,2026-01-01 08:28:08
8,TRX,TRON,Affordable,0.284563,4553.008,431132706928000,2026-01-01 08:27:54,2026-01-01 08:28:08
9,STETH,Lido Staked Ether,High Value,2977.6,47641600.0,419860933968000,2026-01-01 08:27:54,2026-01-01 08:28:08
10,DOGE,Dogecoin,Affordable,0.118855,1901.68,319465139184000,2026-01-01 08:27:54,2026-01-01 08:28:08
11,FIGR_HELOC,Figure Heloc,Affordable,1.028,16448.0,236981565280000,2026-01-01 08:27:54,2026-01-01 08:28:08
12,ADA,Cardano,Affordable,0.336479,5383.664,197415040000000,2026-01-01 08:27:54,2026-01-01 08:28:08
13,WBT,WhiteBIT Coin,Affordable,56.4,902400.0,193163800112000,2026-01-01 08:27:54,2026-01-01 08:28:08
14,BCH,Bitcoin Cash,High Value,595.08,9521280.0,190215128832000,2026-01-01 08:27:54,2026-01-01 08:28:08
15,WSTETH,Wrapped stETH,High Value,3639.69,58235040.0,186065695504000,2026-01-01 08:27:54,2026-01-01 08:28:08
16,WBTC,Wrapped Bitcoin,High Value,87377.0,1398032000.0,174732848112000,2026-01-01 08:27:54,2026-01-01 08:28:08
17,WBETH,Wrapped Beacon ETH,High Value,3234.79,51756640.0,168959712208000,2026-01-01 08:27:54,2026-01-01 08:28:08
18,WEETH,Wrapped eETH,High Value,3227.25,51636000.0,146837044496000,2026-01-01 08:27:54,2026-01-01 08:28:08
19,USDS,USDS,Affordable,0.999515,15992.24,146716170848000,2026-01-01 08:27:54,2026-01-01 08:28:08
20,BSC-USD,Binance Bridged USDT (BNB Smart Chain),Affordable,0.998345,15973.52,143517579104000,2026-01-01 08:27:54,2026-01-01 08:28:08
21,LEO,LEO Token,Affordable,9.68,154880.0,142728376816000,2026-01-01 08:27:54,2026-01-01 08:28:08
22,LINK,Chainlink,Affordable,12.22,195520.0,138345851984000,2026-01-01 08:27:54,2026-01-01 08:28:08
23,ZEC,Zcash,High Value,517.02,8272320.0,136331204960000,2026-01-01 08:27:54,2026-01-01 08:28:08
24,XMR,Monero,High Value,427.76,6844160.0,126152991856000,2026-01-01 08:27:54,2026-01-01 08:28:08
25,WETH,WETH,High Value,2975.41,47606560.0,124928154048000,2026-01-01 08:27:54,2026-01-01 08:28:08
26,CBBTC,Coinbase Wrapped BTC,High Value,87567.0,1401072000.0,105823092096000,2026-01-01 08:27:54,2026-01-01 08:28:08
27,XLM,Stellar,Affordable,0.202656,3242.496,104986045232000,2026-01-01 08:27:54,2026-01-01 08:28:08
28,USDE,Ethena USDe,Affordable,0.997978,15967.648,100586926288000,2026-01-01 08:27:54,2026-01-01 08:28:08
29,HYPE,Hyperliquid,Affordable,25.58,409280.0,97615570272000,2026-01-01 08:27:54,2026-01-01 08:28:08
30,LTC,Litecoin,High Value,77.35,1237600.0,94868008752000,2026-01-01 08:27:54,2026-01-01 08:28:08
31,CC,Canton,Affordable,0.161146,2578.336,93969965216000,2026-01-01 08:27:54,2026-01-01 08:28:08
32,AVAX,Avalanche,Affordable,12.26,196160.0,84311103296000,2026-01-01 08:27:54,2026-01-01 08:28:08
33,SUI,Sui,Affordable,1.4,22400.0,84041002128000,2026-01-01 08:27:54,2026-01-01 08:28:08
34,HBAR,Hedera,Affordable,0.107448,1719.168,73550324576000,2026-01-01 08:27:54,2026-01-01 08:28:08
35,USDT0,USDT0,Affordable,0.998198,15971.168,71251477936000,2026-01-01 08:27:54,2026-01-01 08:28:08
36,DAI,Dai,Affordable,0.999815,15997.04,67592931328000,2026-01-01 08:27:54,2026-01-01 08:28:08
37,SHIB,Shiba Inu,Affordable,6.98e-06,0.11168,65783202752000,2026-01-01 08:27:54,2026-01-01 08:28:08
38,SUSDS,sUSDS,Affordable,1.078,17248.0,64803312320000,2026-01-01 08:27:54,2026-01-01 08:28:08
39,TON,Toncoin,Affordable,1.66,26560.0,64118692800000,2026-01-01 08:27:54,2026-01-01 08:28:08
40,WLFI,World Liberty Financial,Affordable,0.144408,2310.528,63046156864000,2026-01-01 08:27:54,2026-01-01 08:28:08
41,PYUSD,PayPal USD,Affordable,0.99962,15993.92,57717507600000,2026-01-01 08:27:54,2026-01-01 08:28:08
42,UNI,Uniswap,Affordable,5.65,90400.0,56938480800000,2026-01-01 08:27:54,2026-01-01 08:28:08
43,SUSDE,Ethena Staked USDe,Affordable,1.21,19360.0,55472149600000,2026-01-01 08:27:54,2026-01-01 08:28:08
44,CRO,Cronos,Affordable,0.089333,1429.328,55124796432000,2026-01-01 08:27:54,2026-01-01 08:28:08
45,USD1,USD1,Affordable,0.999653,15994.448,52991728560000,2026-01-01 08:27:54,2026-01-01 08:28:08
46,MNT,Mantle,Affordable,0.958943,15343.088,49906994432000,2026-01-01 08:27:54,2026-01-01 08:28:08
47,DOT,Polkadot,Affordable,1.78,28480.0,47136852720000,2026-01-01 08:27:54,2026-01-01 08:28:08
48,RAIN,Rain,Affordable,0.0080407,128.6512,43696781248000,2026-01-01 08:27:54,2026-01-01 08:28:08
49,M,MemeCore,Affordable,1.55,24800.0,42748167760000,2026-01-01 08:27:54,2026-01-01 08:28:08
50,BGB,Bitget Token,Affordable,3.49,55840.0,39061245264000,2026-01-01 08:27:54,2026-01-01 08:28:08
1,BTC,Bitcoin,High Value,87598.0,1401568000.0,27988766499760000,2026-01-01 08:32:43,2026-01-01 08:32:54
2,ETH,Ethereum,High Value,2977.12,47633920.0,5748816274192000,2026-01-01 08:32:43,2026-01-01 08:32:54
3,USDT,Tether,Affordable,0.99854,15976.64,2989265946688000,2026-01-01 08:32:43,2026-01-01 08:32:54
4,BNB,BNB,High Value,859.18,13746880.0,1892800869616000,2026-01-01 08:32:43,2026-01-01 08:32:54
5,XRP,XRP,Affordable,1.84,29440.0,1788911395424000,2026-01-01 08:32:43,2026-01-01 08:32:54
6,USDC,USDC,Affordable,0.999738,15995.808,1203566401968000,2026-01-01 08:32:43,2026-01-01 08:32:54
7,SOL,Solana,High Value,124.34,1989440.0,1120380795296000,2026-01-01 08:32:43,2026-01-01 08:32:54
8,TRX,TRON,Affordable,0.284566,4553.056,431126353168000,2026-01-01 08:32:43,2026-01-01 08:32:54
9,STETH,Lido Staked Ether,High Value,2977.19,47635040.0,420141414928000,2026-01-01 08:32:43,2026-01-01 08:32:54
10,DOGE,Dogecoin,Affordable,0.118903,1902.448,319820390368000,2026-01-01 08:32:43,2026-01-01 08:32:54
11,FIGR_HELOC,Figure Heloc,Affordable,1.028,16448.0,236981565280000,2026-01-01 08:32:43,2026-01-01 08:32:54
12,ADA,Cardano,Affordable,0.336566,5385.056,197405071872000,2026-01-01 08:32:43,2026-01-01 08:32:54
13,WBT,WhiteBIT Coin,Affordable,56.42,902720.0,193161835344000,2026-01-01 08:32:43,2026-01-01 08:32:54
14,BCH,Bitcoin Cash,High Value,595.1,9521600.0,190180305568000,2026-01-01 08:32:43,2026-01-01 08:32:54
15,WSTETH,Wrapped stETH,High Value,3639.57,58233120.0,186078493248000,2026-01-01 08:32:43,2026-01-01 08:32:54
16,WBTC,Wrapped Bitcoin,High Value,87374.0,1397984000.0,174959153872000,2026-01-01 08:32:43,2026-01-01 08:32:54
17,WBETH,Wrapped Beacon ETH,High Value,3234.42,51750720.0,168943114272000,2026-01-01 08:32:43,2026-01-01 08:32:54
18,WEETH,Wrapped eETH,High Value,3227.17,51634720.0,146860512576000,2026-01-01 08:32:43,2026-01-01 08:32:54
19,USDS,USDS,Affordable,0.999519,15992.304,146704933856000,2026-01-01 08:32:43,2026-01-01 08:32:54
20,BSC-USD,Binance Bridged USDT (BNB Smart Chain),Affordable,0.998401,15974.416,143534868080000,2026-01-01 08:32:43,2026-01-01 08:32:54
21,LEO,LEO Token,Affordable,9.69,155040.0,142844940992000,2026-01-01 08:32:43,2026-01-01 08:32:54
22,LINK,Chainlink,Affordable,12.22,195520.0,138470621856000,2026-01-01 08:32:43,2026-01-01 08:32:54
23,ZEC,Zcash,High Value,516.44,8263040.000000001,136222640736000,2026-01-01 08:32:43,2026-01-01 08:32:54
24,XMR,Monero,High Value,427.51,6840160.0,126214217024000,2026-01-01 08:32:43,2026-01-01 08:32:54
25,WETH,WETH,High Value,2975.41,47606560.0,124943846288000,2026-01-01 08:32:43,2026-01-01 08:32:54
26,CBBTC,Coinbase Wrapped BTC,High Value,87581.0,1401296000.0,105848578768000,2026-01-01 08:32:43,2026-01-01 08:32:54
27,XLM,Stellar,Affordable,0.202637,3242.192,104999517712000,2026-01-01 08:32:43,2026-01-01 08:32:54
28,USDE,Ethena USDe,Affordable,0.998039,15968.624,100589089680000,2026-01-01 08:32:43,2026-01-01 08:32:54
29,HYPE,Hyperliquid,Affordable,25.58,409280.0,97561220960000,2026-01-01 08:32:43,2026-01-01 08:32:54
30,CC,Canton,Affordable,0.160533,2568.528,95316354640000,2026-01-01 08:32:43,2026-01-01 08:32:54
31,LTC,Litecoin,High Value,77.34,1237440.0,94930648528000,2026-01-01 08:32:43,2026-01-01 08:32:54
32,AVAX,Avalanche,Affordable,12.27,196320.0,84316297552000,2026-01-01 08:32:43,2026-01-01 08:32:54
33,SUI,Sui,Affordable,1.4,22400.0,84004460752000,2026-01-01 08:32:43,2026-01-01 08:32:54
34,HBAR,Hedera,Affordable,0.107439,1719.024,73537539008000,2026-01-01 08:32:43,2026-01-01 08:32:54
35,USDT0,USDT0,Affordable,0.998205,15971.28,71230491520000,2026-01-01 08:32:43,2026-01-01 08:32:54
36,DAI,Dai,Affordable,0.999621,15993.936,67577337248000,2026-01-01 08:32:43,2026-01-01 08:32:54
37,SHIB,Shiba Inu,Affordable,6.98e-06,0.11168,65830876512000,2026-01-01 08:32:43,2026-01-01 08:32:54
38,SUSDS,sUSDS,Affordable,1.078,17248.0,64799121200000,2026-01-01 08:32:43,2026-01-01 08:32:54
39,TON,Toncoin,Affordable,1.66,26560.0,64095994768000,2026-01-01 08:32:43,2026-01-01 08:32:54
40,WLFI,World Liberty Financial,Affordable,0.144162,2306.592,62905381408000,2026-01-01 08:32:43,2026-01-01 08:32:54
41,PYUSD,PayPal USD,Affordable,0.999551,15992.816,57708118064000,2026-01-01 08:32:43,2026-01-01 08:32:54
42,UNI,Uniswap,Affordable,5.65,90400.0,56924950976000,2026-01-01 08:32:43,2026-01-01 08:32:54
43,SUSDE,Ethena Staked USDe,Affordable,1.21,19360.0,55478448016000,2026-01-01 08:32:43,2026-01-01 08:32:54
44,CRO,Cronos,Affordable,0.089349,1429.584,55151957392000,2026-01-01 08:32:43,2026-01-01 08:32:54
45,USD1,USD1,Affordable,0.999654,15994.464,52997991824000,2026-01-01 08:32:43,2026-01-01 08:32:54
46,MNT,Mantle,Affordable,0.95909,15345.44,49920298544000,2026-01-01 08:32:43,2026-01-01 08:32:54
47,DOT,Polkadot,Affordable,1.78,28480.0,47127433088000,2026-01-01 08:32:43,2026-01-01 08:32:54
48,RAIN,Rain,Affordable,0.00804693,128.75088000000002,43725570688000,2026-01-01 08:32:43,2026-01-01 08:32:54
49,M,MemeCore,Affordable,1.55,24800.0,42704135136000,2026-01-01 08:32:43,2026-01-01 08:32:54
50,BGB,Bitget Token,Affordable,3.49,55840.0,39068492992000,2026-01-01 08:32:43,2026-01-01 08:32:54
1,BTC,Bitcoin,High Value,87608.0,1401728000.0,27990353733376000,2026-01-01 08:33:56,2026-01-01 08:34:07
2,ETH,Ethereum,High Value,2977.62,47641920.0,5750424860976000,2026-01-01 08:33:56,2026-01-01 08:34:07
3,USDT,Tether,Affordable,0.998551,15976.816,2989355493264000,2026-01-01 08:33:56,2026-01-01 08:34:07
4,BNB,BNB,High Value,859.62,13753920.0,1892800869616000,2026-01-01 08:33:56,2026-01-01 08:34:07
5,XRP,XRP,Affordable,1.84,29440.0,1789129994144000,2026-01-01 08:33:56,2026-01-01 08:34:07
6,USDC,USDC,Affordable,0.999776,15996.416,1203566401968000,2026-01-01 08:33:56,2026-01-01 08:34:07
7,SOL,Solana,High Value,124.38,1990080.0,1120380795296000,2026-01-01 08:33:56,2026-01-01 08:34:07
8,TRX,TRON,Affordable,0.284582,4553.312,431126353168000,2026-01-01 08:33:56,2026-01-01 08:34:07
9,STETH,Lido Staked Ether,High Value,2976.13,47618080.0,420141414928000,2026-01-01 08:33:56,2026-01-01 08:34:07
10,DOGE,Dogecoin,Affordable,0.118909,1902.544,319850956624000,2026-01-01 08:33:56,2026-01-01 08:34:07
11,FIGR_HELOC,Figure Heloc,Affordable,1.028,16448.0,236981565280000,2026-01-01 08:33:56,2026-01-01 08:34:07
12,ADA,Cardano,Affordable,0.336708,5387.328,197405071872000,2026-01-01 08:33:56,2026-01-01 08:34:07
13,WBT,WhiteBIT Coin,Affordable,56.42,902720.0,193219419328000,2026-01-01 08:33:56,2026-01-01 08:34:07
14,BCH,Bitcoin Cash,High Value,595.18,9522880.0,190180305568000,2026-01-01 08:33:56,2026-01-01 08:34:07
15,WSTETH,Wrapped stETH,High Value,3639.92,58238720.0,186078493248000,2026-01-01 08:33:56,2026-01-01 08:34:07
16,WBTC,Wrapped Bitcoin,High Value,87312.0,1396992000.0,174959153872000,2026-01-01 08:33:56,2026-01-01 08:34:07
17,WBETH,Wrapped Beacon ETH,High Value,3235.34,51765440.0,168987272784000,2026-01-01 08:33:56,2026-01-01 08:34:07
18,WEETH,Wrapped eETH,High Value,3227.55,51640800.0,146860512576000,2026-01-01 08:33:56,2026-01-01 08:34:07
19,USDS,USDS,Affordable,0.999611,15993.776,146718539552000,2026-01-01 08:33:56,2026-01-01 08:34:07
20,BSC-USD,Binance Bridged USDT (BNB Smart Chain),Affordable,0.99849,15975.84,143534868080000,2026-01-01 08:33:56,2026-01-01 08:34:07
21,LEO,LEO Token,Affordable,9.69,155040.0,142844940992000,2026-01-01 08:33:56,2026-01-01 08:34:07
22,LINK,Chainlink,Affordable,12.22,195520.0,138470621856000,2026-01-01 08:33:56,2026-01-01 08:34:07
23,ZEC,Zcash,High Value,516.22,8259520.0,136078440512000,2026-01-01 08:33:56,2026-01-01 08:34:07
24,XMR,Monero,High Value,427.65,6842400.0,126180596064000,2026-01-01 08:33:56,2026-01-01 08:34:07
25,WETH,WETH,High Value,2975.58,47609280.0,124943846288000,2026-01-01 08:33:56,2026-01-01 08:34:07
26,CBBTC,Coinbase Wrapped BTC,High Value,87596.0,1401536000.0,105876023024000,2026-01-01 08:33:56,2026-01-01 08:34:07
27,XLM,Stellar,Affordable,0.202662,3242.592,104999717680000,2026-01-01 08:33:56,2026-01-01 08:34:07
28,USDE,Ethena USDe,Affordable,0.998052,15968.832,100589089680000,2026-01-01 08:33:56,2026-01-01 08:34:07
29,HYPE,Hyperliquid,Affordable,25.58,409280.0,97574272912000,2026-01-01 08:33:56,2026-01-01 08:34:07
30,CC,Canton,Affordable,0.160695,2571.12,95316354640000,2026-01-01 08:33:56,2026-01-01 08:34:07
31,LTC,Litecoin,High Value,77.34,1237440.0,94930648528000,2026-01-01 08:33:56,2026-01-01 08:34:07
32,AVAX,Avalanche,Affordable,12.26,196160.0,84316297552000,2026-01-01 08:33:56,2026-01-01 08:34:07
33,SUI,Sui,Affordable,1.4,22400.0,83975849952000,2026-01-01 08:33:56,2026-01-01 08:34:07
34,HBAR,Hedera,Affordable,0.107442,1719.072,73537539008000,2026-01-01 08:33:56,2026-01-01 08:34:07
35,USDT0,USDT0,Affordable,0.998377,15974.032,71242606016000,2026-01-01 08:33:56,2026-01-01 08:34:07
36,DAI,Dai,Affordable,0.998624,15977.984,67577337248000,2026-01-01 08:33:56,2026-01-01 08:34:07
37,SHIB,Shiba Inu,Affordable,6.98e-06,0.11168,65830876512000,2026-01-01 08:33:56,2026-01-01 08:34:07
38,SUSDS,sUSDS,Affordable,1.086,17376.0,64800727984000,2026-01-01 08:33:56,2026-01-01 08:34:07
39,TON,Toncoin,Affordable,1.66,26560.0,64095994768000,2026-01-01 08:33:56,2026-01-01 08:34:07
40,WLFI,World Liberty Financial,Affordable,0.144214,2307.424,62846187424000,2026-01-01 08:33:56,2026-01-01 08:34:07
41,PYUSD,PayPal USD,Affordable,0.999621,15993.936,57708118064000,2026-01-01 08:33:56,2026-01-01 08:34:07
42,UNI,Uniswap,Affordable,5.65,90400.0,56924950976000,2026-01-01 08:33:56,2026-01-01 08:34:07
43,SUSDE,Ethena Staked USDe,Affordable,1.21,19360.0,55478448016000,2026-01-01 08:33:56,2026-01-01 08:34:07
44,CRO,Cronos,Affordable,0.089348,1429.568,55151957392000,2026-01-01 08:33:56,2026-01-01 08:34:07
45,USD1,USD1,Affordable,0.99956,15992.96,52993007104000,2026-01-01 08:33:56,2026-01-01 08:34:07
46,MNT,Mantle,Affordable,0.959097,15345.552,49920298544000,2026-01-01 08:33:56,2026-01-01 08:34:07
47,DOT,Polkadot,Affordable,1.78,28480.0,47127433088000,2026-01-01 08:33:56,2026-01-01 08:34:07
48,RAIN,Rain,Affordable,0.00804969,128.79504,43725570688000,2026-01-01 08:33:56,2026-01-01 08:34:07
49,M,MemeCore,Affordable,1.56,24960.0,42810044560000,2026-01-01 08:33:56,2026-01-01 08:34:07
50,BGB,Bitget Token,Affordable,3.49,55840.0,39068492992000,2026-01-01 08:33:56,2026-01-01 08:34:07
1,BTC,Bitcoin,High Value,87613.0,1401808000.0,27990353733376000,2026-01-01 08:34:04,2026-01-01 08:34:16
2,ETH,Ethereum,High Value,2977.62,47641920.0,5750424860976000,2026-01-01 08:34:04,2026-01-01 08:34:16
3,USDT,Tether,Affordable,0.998556,15976.896,2989355493264000,2026-01-01 08:34:04,2026-01-01 08:34:16
4,BNB,BNB,High Value,859.56,13752960.0,1894380715520000,2026-01-01 08:34:04,2026-01-01 08:34:16
5,XRP,XRP,Affordable,1.84,29440.0,1789129994144000,2026-01-01 08:34:04,2026-01-01 08:34:16
6,USDC,USDC,Affordable,0.999784,15996.544,1203642083072000,2026-01-01 08:34:04,2026-01-01 08:34:16
7,SOL,Solana,High Value,124.38,1990080.0,1120768342864000,2026-01-01 08:34:04,2026-01-01 08:34:16
8,TRX,TRON,Affordable,0.284619,4553.904,431186037776000,2026-01-01 08:34:04,2026-01-01 08:34:16
9,STETH,Lido Staked Ether,High Value,2975.95,47615200.0,419928074592000,2026-01-01 08:34:04,2026-01-01 08:34:16
10,DOGE,Dogecoin,Affordable,0.118917,1902.672,319850956624000,2026-01-01 08:34:04,2026-01-01 08:34:16
11,FIGR_HELOC,Figure Heloc,Affordable,1.028,16448.0,236981565280000,2026-01-01 08:34:04,2026-01-01 08:34:16
12,ADA,Cardano,Affordable,0.336874,5389.984,197603992320000,2026-01-01 08:34:04,2026-01-01 08:34:16
13,WBT,WhiteBIT Coin,Affordable,56.42,902720.0,193219419328000,2026-01-01 08:34:04,2026-01-01 08:34:16
14,BCH,Bitcoin Cash,High Value,595.19,9523040.0,190214104544000,2026-01-01 08:34:04,2026-01-01 08:34:16
15,WSTETH,Wrapped stETH,High Value,3640.29,58244640.0,186078493248000,2026-01-01 08:34:04,2026-01-01 08:34:16
16,WBTC,Wrapped Bitcoin,High Value,87315.0,1397040000.0,174576054704000,2026-01-01 08:34:04,2026-01-01 08:34:16
17,WBETH,Wrapped Beacon ETH,High Value,3235.53,51768480.0,168987272784000,2026-01-01 08:34:04,2026-01-01 08:34:16
18,WEETH,Wrapped eETH,High Value,3227.5,51640000.0,146872229072000,2026-01-01 08:34:04,2026-01-01 08:34:16
19,USDS,USDS,Affordable,0.999611,15993.776,146718539552000,2026-01-01 08:34:04,2026-01-01 08:34:16
20,BSC-USD,Binance Bridged USDT (BNB Smart Chain),Affordable,0.998483,15975.728,143534868080000,2026-01-01 08:34:04,2026-01-01 08:34:16
21,LEO,LEO Token,Affordable,9.69,155040.0,142844940992000,2026-01-01 08:34:04,2026-01-01 08:34:16
22,LINK,Chainlink,Affordable,12.23,195680.0,138510069280000,2026-01-01 08:34:04,2026-01-01 08:34:16
23,ZEC,Zcash,High Value,515.47,8247520.0,136078440512000,2026-01-01 08:34:04,2026-01-01 08:34:16
24,XMR,Monero,High Value,427.72,6843520.0,126180596064000,2026-01-01 08:34:04,2026-01-01 08:34:16
25,WETH,WETH,High Value,2975.58,47609280.0,124950083392000,2026-01-01 08:34:04,2026-01-01 08:34:16
26,CBBTC,Coinbase Wrapped BTC,High Value,87587.0,1401392000.0,105876023024000,2026-01-01 08:34:04,2026-01-01 08:34:16
27,XLM,Stellar,Affordable,0.202681,3242.896,104999717680000,2026-01-01 08:34:04,2026-01-01 08:34:16
28,USDE,Ethena USDe,Affordable,0.998182,15970.912,100602172096000,2026-01-01 08:34:04,2026-01-01 08:34:16
29,HYPE,Hyperliquid,Affordable,25.58,409280.0,97574272912000,2026-01-01 08:34:04,2026-01-01 08:34:16
30,CC,Canton,Affordable,0.161153,2578.448,95316354640000,2026-01-01 08:34:04,2026-01-01 08:34:16
31,LTC,Litecoin,High Value,77.35,1237600.0,94895706704000,2026-01-01 08:34:04,2026-01-01 08:34:16
32,AVAX,Avalanche,Affordable,12.26,196160.0,84317107120000,2026-01-01 08:34:04,2026-01-01 08:34:16
33,SUI,Sui,Affordable,1.4,22400.0,83975849952000,2026-01-01 08:34:04,2026-01-01 08:34:16
34,HBAR,Hedera,Affordable,0.107445,1719.12,73536175792000,2026-01-01 08:34:04,2026-01-01 08:34:16
35,USDT0,USDT0,Affordable,0.998308,15972.928,71242606016000,2026-01-01 08:34:04,2026-01-01 08:34:16
36,DAI,Dai,Affordable,0.998627,15978.032,67577337248000,2026-01-01 08:34:04,2026-01-01 08:34:16
37,SHIB,Shiba Inu,Affordable,6.99e-06,0.11184,65868575712000,2026-01-01 08:34:04,2026-01-01 08:34:16
38,SUSDS,sUSDS,Affordable,1.086,17376.0,64800727984000,2026-01-01 08:34:04,2026-01-01 08:34:16
39,TON,Toncoin,Affordable,1.66,26560.0,64095994768000,2026-01-01 08:34:04,2026-01-01 08:34:16
40,WLFI,World Liberty Financial,Affordable,0.144279,2308.464,62846187424000,2026-01-01 08:34:04,2026-01-01 08:34:16
41,PYUSD,PayPal USD,Affordable,0.999647,15994.352,57713848336000,2026-01-01 08:34:04,2026-01-01 08:34:16
42,UNI,Uniswap,Affordable,5.65,90400.0,56928733984000,2026-01-01 08:34:04,2026-01-01 08:34:16
43,SUSDE,Ethena Staked USDe,Affordable,1.21,19360.0,55481600848000,2026-01-01 08:34:04,2026-01-01 08:34:16
44,CRO,Cronos,Affordable,0.089355,1429.68,55151449280000,2026-01-01 08:34:04,2026-01-01 08:34:16
45,USD1,USD1,Affordable,0.999517,15992.272,52993007104000,2026-01-01 08:34:04,2026-01-01 08:34:16
46,MNT,Mantle,Affordable,0.959369,15349.904,49932350800000,2026-01-01 08:34:04,2026-01-01 08:34:16
47,DOT,Polkadot,Affordable,1.78,28480.0,47120170848000,2026-01-01 08:34:04,2026-01-01 08:34:16
48,RAIN,Rain,Affordable,0.00804811,128.76976000000002,43725570688000,2026-01-01 08:34:04,2026-01-01 08:34:16
49,M,MemeCore,Affordable,1.56,24960.0,42810044560000,2026-01-01 08:34:04,2026-01-01 08:34:16
50,BGB,Bitget Token,Affordable,3.49,55840.0,39070597872000,2026-01-01 08:34:04,2026-01-01 08:34:16
